{"cameraMode":{"drawMode":0,"name":"Shaded","section":"Shading Mode"},"sceneLighting":true,"audioPlay":false,"sceneViewState":{"showFog":true,"showMaterialUpdate":false,"showSkybox":true,"showFlares":true,"showImageEffects":true,"showParticleSystems":true},"in2DMode":false,"pivot":{"x":0.10000000894069672,"y":2.8499999046325685,"z":-8.850000381469727},"rotation":{"x":-0.19937770068645478,"y":0.24316240847110749,"z":-0.05119812861084938,"w":-0.947985053062439},"size":3.5770931243896486,"orthographic":false}